{"pathBlocked":{"en":"The path is blocked","de":"Der Weg ist blockiert","es":"El camino está bloqueado","fr":"Le chemin est bloqué","it":"Il percorso è bloccato","pt":"O caminho está bloqueado","ru":"Путь заблокирован","tr":"Yol kapalı","nl":"Het pad is\ngeblokkeerd","pl":"Ta ścieżka jest zablokowana","ja":"通れる道がないよ"},"changeCells":{"en":"Change upcoming cells","de":"Verändere bevorstehende Zellen","es":"Cambia las próximas celdas","fr":"Changer les prochaines cellules","it":"Modifica le celle in arrivo","pt":"Muda as células seguintes","ru":"Поменять следующие ячейки","tr":"Gelmek üzere olan hücreleri değiştir","nl":"Verander de volgende cellen","pl":"Zmień zbliżające się komórki","ja":"次のセルを交換"},"clearOneCell":{"en":"Clear one cell","de":"Lösche eine Zelle","es":"Borra una celda","fr":"Effacer une cellule","it":"Pulisci una cella","pt":"Limpa uma célula","ru":"Очистить одну ячейку","tr":"Bir hücreyi temizle","nl":"Wis een cel","pl":"Usuń jedną komórkę","ja":"1つだけ\nクリア"},"clear5RandomCells":{"en":"Clear 5 random cells","de":"Lösche 5 beliebige Zellen","es":"Borra 5 celdas al azar","fr":"Effacer 5 cellules au hasard","it":"Pulisci 5 celle a caso","pt":"Limpa 5 células aleatórias","ru":"Очистить пять случайных ячеек","tr":"Rastgele 5 hücreyi temizle","nl":"Wis 5 willekeurige cellen","pl":"Usuń 5 losowych komórek","ja":"どれか5つを\nクリア"},"connected":{"en":"connected","de":"verbunden","es":"conectado","fr":"connecté","it":"connesso","pt":"ligado","ru":"соединено","tr":"bağlı","nl":"verbonden","pl":"Połączone","ja":"つながった"},"giveUp":{"en":"Give up","de":"Gib auf","es":"Abandonar","fr":"Abandonner","it":"Abbandona","pt":"Desistir","ru":"Сдаться","tr":"Pes et","nl":"Opgeven","pl":"Poddaj się","ja":"ギブアップ"},"tryBoosters":{"en":"Try\nboosters!","de":"Versuch die\nBooster!","es":"¡Prueba los\npotenciadores!","fr":"Essayez les\njokers !","it":"Prova i\nsupporti!","pt":"Experimenta\nos suplementos!","ru":"Попробуйте\nбустеры!","tr":"Yükselticileri\ndene!","nl":"Probeer\npower-ups!","pl":"Wypróbuj\nwzmacniacze","ja":"ブースターを\nためそう！"},"youGotGift":{"en":"You've got a gift!","de":"Du hast ein Geschenk erhalten","es":"Tienes un regalo","fr":"Tu as reçu un cadeau","it":"Hai ricevuto un regalo","pt":"Recebeu um presente","ru":"Вы получили подарок","tr":"Bir hediyen var","nl":"Je kreeg een cadeau","pl":"Otrzymano prezent","ja":"ギフトをもらった！"},"watchVideoToUnpack":{"en":"Watch a video to unpack it","de":"Sieh dir das Video an, um es auszupacken","es":"Mira el vídeo para desenvolverlo","fr":"Regarde la vidéo pour le recevoir","it":"Guarda il video per scartarlo","pt":"Veja o vídeo para desembrulhá-lo","ru":"Смотрите видео, чтобы распаковать его","tr":"Pakedini açmak için videoyu izle","nl":"Bekijk de video om het uit te pakken","pl":"Obejrzyj wideo, aby rozpakować","ja":"とりだすために動画広告をみよう！"},"tutorial1ConnectAtLeast4":{"en":"Connect at least 4 numbers of the same value","de":"Verbinde mindestens 4 Zahlen gleichen Wertes","es":"Conecta al menos 4 números del mismo valor","fr":"Connectez au moins 4 nombres de la même valeur","it":"Connetti almeno 4 numeri dello stesso valore","pt":"Liga pelo menos 4 números com o mesmo valor","ru":"Соедините как минимум 4 числа с одним и тем же значением","tr":"Aynı değerden en az 4 rakamı bağla","nl":"Verbind minimaal 4 cijfers met dezelfde waarde","pl":"Połącz co najmniej 4 cyfry o tej samej wartości","ja":"同じ数字を\n4個以上で\nかためよう"},"tutorial2YouAreReady":{"en":"You are ready to play!","de":"Du kannst jetzt spielen!","es":"¡Ya estás listo para jugar!","fr":"Vous êtes prêt(e) à jouer !","it":"Sei pronto per giocare!","pt":"Estás pronto para começar a jogar!","ru":"Вы готовы к игре!","tr":"Oynamaya hazırsın!","nl":"Je bent klaar om te spelen!","pl":"Jesteś gotowy do gry!","ja":"もう大丈夫ですね！"},"tutorial2KeepForming":{"en":"Keep forming higher numbers","de":"Setze die Bildung höherer Zahlen fort","es":"Sigue formando números mayores","fr":"Continuez à former des nombres toujours plus grands","it":"Continua a formare numeri più alti","pt":"Continua a formar números mais altos","ru":"Образовывайте и дальше более крупные числа","tr":"Daha büyük sayılar oluşturmaya devam et","nl":"Blijf hoge aantallen maken","pl":"Próbuj formować większe numery","ja":"大きい数字を\nどんどん作ろう"},"continue":{"en":"Continue","de":"Weiter","es":"Continuar","fr":"Continuer","it":"Continua","pt":"Continuar","ru":"Продолжить","tr":"Devam Et","nl":"Verdergaan","pl":"Kontynuuj","ja":"続ける"},"selectWhatToClean":{"en":"Select what to clean","de":"Wähle, was abgeräumt werden soll","es":"Selecciona qué eliminar","fr":"Sélectionnez la zone à nettoyer","it":"Scegli cosa eliminare","pt":"Selecionar para limpar","ru":"Выбери, что нужно очистить","tr":"Temizlemek istediğini seç","nl":"Selecteer wat je wilt opruimen","pl":"Wybierz co wyczyścić","ja":"クリアするセルを選択"},"row":{"en":"row","de":"Zeile","es":"fila","fr":"ligne","it":"riga","pt":"fila","ru":"ряд","tr":"sıra","nl":"rij","pl":"rząd","ja":"行"},"column":{"en":"column","de":"Spalte","es":"columna","fr":"colonne","it":"colonna","pt":"coluna","ru":"столбец","tr":"sütun","nl":"kolom","pl":"kolumna","ja":"列"},"mergeStars":{"en":"Merge 3 or more stars to create an explosion!","de":"Verschmilze 3 oder mehr Sterne, um eine Explosion zu verursachen!","es":"¡Fusiona 3 o más estrellas para crear una explosión!","fr":"Fusionnez 3 étoiles ou plus pour déclencher une explosion !","it":"Unisci 3 o più stelle per creare un'esplosione!","pt":"Funda 3 ou mais estrelas para criar uma explosão!","ru":"Совмести 3 и более звезд\nдля создания взрыва!","tr":"Bir patlatma yaratmak için 3 veya daha fazla yıldızı birleştirin!","nl":"Smelt 3 of meer sterren samen voor een explosie!","pl":"Połącz 3 lub więcej gwiazdek, aby spowodować wybuch!","ja":"3つ以上スターを重ねると爆発！"},"boosterChange":{"en":"Change the next number block!","de":"Ändere den nächsten Nummernblock!","es":"¡Cambia el siguiente bloque de números!","fr":"Changez le bloc numérique suivant !","it":"Modifica il prossimo blocco numerato!","pt":"Altere o próximo número de bloco!","ru":"Измени\nследую-\nщий блок\nчисел!","tr":"Sonraki numara bloğunu değiştirin!","nl":"Verander het volgende cijferblok!","pl":"Zmień kolejny numer bloku!","ja":"待機ブロックを\n変更する"},"boosterSame":{"en":"Clear one type of block!","de":"Räume eine Art von Block ab!","es":"¡Elimina un tipo de bloque!","fr":"Supprimez un type de bloc précis !","it":"Elimina una tipologia di blocco!","pt":"Limpe um tipo de bloco!","ru":"Удали\nблок\nодного\nтипа!","tr":"Bir tür bloğu temizleyin!","nl":"Wis een type blok!","pl":"Wyczyść jeden rodzaj bloków!","ja":"1種類を\nクリア"},"boosterArea":{"en":"Clear one area of rows and columns!","de":"Räume einen Bereich von Zeilen und Spalten ab!","es":"¡Elimina un área de filas y columnas!","fr":"Supprimez toutes les lignes/colonnes d'une zone !","it":"Elimina un'area di righe e colonne!","pt":"Limpe uma área de filas e colunas!","ru":"Очисти\nодну\nзону\nрядов и\nстолбцов!","tr":"Bir sıra ve sütunların alanını temizleyin!","nl":"Wis een gebied met rijen en kolo- mmen!","pl":"Wyczyść jeden obszar rzędów lub kolumn!","ja":"1エリアを\nクリア"},"boosterRow":{"en":"Clear a row or a column!","de":"Räume eine Zeile oder eine Spalte ab!","es":"¡Elimina una fila o una columna!","fr":"Supprimez une ligne ou une colonne !","it":"Elimina una riga o una colonna!","pt":"Limpe uma fila ou uma coluna!","ru":"Очисти\nряд или\nстолбец!","tr":"Bir sıra veya kolon temizleyin","nl":"Wis een rij of kolom!","pl":"Wyczyść rząd kolumn!","ja":"1行を\nクリア"},"doubleCoins":{"en":"Double your coins!","de":"Verdopple deine Münzen!","es":"¡Dobla tus monedas!","fr":"Doublez vos pièces !","it":"Raddoppia le tue monete!","pt":"Duplique as suas moedas!","ru":"Удвой число монет!","tr":"Fişleriinizi ikiye katlayın!","nl":"Verdubbel je munten!","pl":"Podwajaj  monety!","ja":"コインを倍に！"},"watchVideo":{"en":"Watch the video","de":"Schau dir das Video an","es":"Mira el vídeo","fr":"Regardez la vidéo","it":"Guarda il video","pt":"Veja o vídeo","ru":"Посмотри видео!","tr":"Videoyu izleyin","nl":"Bekijk de video","pl":"Obejrzyj film","ja":"広告を見る"},"mergedBlocks":{"en":"merged\nblocks","de":"Verschmolzene\nBlöcke","es":"bloques\nfusionados","fr":"Blocs\nfusionnés","it":"Blocchi\nuniti","pt":"blocos\nfundidos","ru":"совмещенные\nблоки","tr":"birleştirilen\nbloklar","nl":"samengesmolten\nblokken","pl":"połącz\nbloki","ja":"ブロックを\nかためる"},"smashing":{"en":"smashing!","de":"Prima!","es":"¡Bestial!","fr":"Vous cassez\nla baraque !","it":"formidabile!","pt":"fantástico!","ru":"потрясающе!","tr":"muhteşem!","nl":"geweldig!","pl":"kapitalnie!","ja":"スマッシュ"},"tapToRotate":{"en":"Tap to rotate!","de":"Tippe zum Drehen!","es":"¡Toca para rotar!","fr":"Appuyez pour faire pivoter !","it":"Tocca per ruotare!","pt":"Toque para girar!","ru":"Нажми чтобы повернуть!","tr":"Çevirmek için dokunun!","nl":"Tik om te draaien!","pl":"Stuknij, aby obrócić!","ja":"タップして回転"},"pause":{"en":"pause","de":"Pause","es":"pausa","fr":"pause","it":"pausa","pt":"pausa","ru":"пауза","tr":"duraklat","nl":"pauze","pl":"pauza","ja":"ポーズ"},"ok":"Ok","cancel":{"en":"Cancel","de":"Cancel","es":"Cancel","fr":"Annuler","it":"Cancel","pt":"Cancel","ru":"Отмена","tr":"Cancel","nl":"Cancel","pl":"Cancel","ja":"キャンセル"},"close":{"en":"Close","de":"Schließen","es":"Cerrar","fr":"Fermer","it":"Chiudi","pt":"Fechar","ru":"Закрыть","tr":"Kapat","nl":"Afsluiten","pl":"Zamknij","ja":"閉じる"},"claim":{"en":"Claim","de":"Abholen","es":"Reclamar","fr":"Demande","it":"Richiedi","pt":"Reclamar","ru":"Получить","tr":"Talep et","nl":"Claimen","pl":"Odbierz","ja":"もらう"},"buy":{"en":"buy","de":"Kaufen","es":"Compra","fr":"Acheter","it":"Compra","pt":"Comprar","ru":"Купить","tr":"SATIN","nl":"Koop","pl":"Kup","ja":"買う"},"select":{"en":"select","de":"Auswählen","es":"seleccionar","fr":"sélectionnez","it":"seleziona","pt":"selecionar","ru":"выбрать","tr":"seç","nl":"kies","pl":"wybierz","ja":"選択"},"boosters":{"en":"boosters","de":"Booster","es":"refuerzos","fr":"boosters","it":"potenziamenti","pt":"melhoradores","ru":"усиления","tr":"güç takviyeleri","ja":"ブースター"},"win":{"en":"You Win!","de":"Gewonnen!","es":"¡Has ganado!","fr":"Vous avez gagné !","it":"Hai vinto!","pt":"Ganhaste!","ru":"Ты выиграл(а)!","tr":"Kazandın!","nl":"Jij wint!","pl":"Wygrałeś!","ja":"やったね！"},"watch":{"en":"Watch now!","de":"Jetzt ansehen!","es":"¡Ver ahora!","fr":"Visionnez la vidéo!","it":"Guarda ora!","pt":"Ver agora!","ru":"Смотреть сейчас!","tr":"Şimdi izleyin!","nl":"Kijk nu!","pl":"Zobacz teraz!","ja":"広告を見る"},"tap":{"en":"Tap!","de":"Antippen!","es":"¡Pulsa!","fr":"Tapote !","it":"Tocca!","pt":"Tocar!","ru":"Клик!","tr":"Dokun!","nl":"Tikken!","pl":"Stuknij!","ja":"タップ"},"ad":{"en":"ad","de":"Werbung","es":"anuncio","fr":"publicité","it":"video","pt":"pub.","ru":"реклама","tr":"reklam","nl":"pub","pl":"reklama","ja":"広告"},"score":{"en":"score","de":"Punkte","es":"puntuación","fr":"score","it":"punteggio","pt":"pontuação","ru":"счет","tr":"puan","nl":"score","pl":"wynik","ja":"スコア"},"time":{"en":"time","de":"Zeit","es":"tiempo","fr":"temps","it":"tempo","pt":"tempo","ru":"время","tr":"süre","nl":"tijd","pl":"czas","ja":"タイム"},"coins":{"en":"coins","de":"Münzen","es":"monedas","fr":"pièces","it":"monete","pt":"moedas","ru":"монет","tr":"jeton","ja":"コイン"},"power":{"en":"power","de":"Kraft","es":"energía","fr":"puissance","it":"potenza","pt":"poder","ru":"сила","tr":"güç","ja":"パワー"},"ready":{"en":"ready?","de":"Bereit?","es":"¿preparado?","fr":"attention ?","it":"pronto?","pt":"pronto?","ru":"готов?","tr":"hazır?","ja":"レディ"},"go":{"en":"go!","de":"Los geht’s!","es":"¡comieza!","fr":"c'est parti !","it":"vai!","pt":"vai!","ru":"начали!","tr":"başla!","ja":"ゴー"},"bonus":{"en":"bonus","de":"Bonus","es":"bonificación","fr":"bonus","it":"bonus","pt":"bónus","ru":"бонус","tr":"bonus","ja":"ボーナス"},"bomb":{"en":"bomb","de":"Bombe","es":"bomba","fr":"bombe","it":"bomba","pt":"bomba","ru":"бомба","tr":"bomba","ja":"ボム"},"classic":{"en":"classic","de":"Klassisch","es":"clásico","fr":"classique","it":"Classica","pt":"clássico","ru":"классический","tr":"klasik","nl":"klassiek","pl":"klasyczny","ja":"クラシック"},"magic":{"en":"magic","de":"Magisch","es":"magia","fr":"magique","it":"Magica","pt":"mágico","ru":"волшебный","tr":"sihir","nl":"magisch","pl":"magiczny","ja":"マジック"},"multiplayer":{"en":"multiplayer","de":"Mehrspieler","es":"multijugador","fr":"multijoueur","it":"Multigiocatore","pt":"multijogador","ru":"мультиплеер","tr":"çoklu oyuncu","nl":"multiplayer","pl":"wielu graczy","ja":"マルチプレイヤー"},"results":{"en":"results","de":"Ergebnisse","es":"resultados","fr":"résultats","it":"risultati","pt":"resultados","ru":"результаты","tr":"sonuçlar","nl":"resultaten","pl":"rezultaty","ja":"結果"},"best":{"en":"best","de":"Rekord","es":"mejor","fr":"meilleur","it":"Miglior punteggio","pt":"melhor","ru":"лучший счет","tr":"en iyi","nl":"beste","pl":"najlepszy ","ja":"ベスト"},"highscore":{"en":"highscore","de":"Highscore","es":"puntuación más alta","fr":"meilleurs scores","it":"punteggio più alto","pt":"alta pontuação","ru":"рекорд","tr":"yüksek puan","nl":"topscore","pl":"najlepszy wynik","ja":"ハイスコア"},"highscores":{"en":"highscores","de":"Highscore","es":"máximas puntuaciones","fr":"meilleurs scores ","it":"massimo punteggio","pt":"altas pontuações","ru":"рекорды","tr":"yüksek puanlar","nl":"topscores","pl":"najlepsze wyniki\r","ja":"ハイスコア"},"thanks":{"en":"Thank You!","de":"Vielen Dank!","es":"¡Gracias!","fr":"Merci !","it":"Grazie!","pt":"Obrigado!","ru":"Спасибо!","tr":"Teşekkürler!","nl":"Dankjewel!","pl":"Dziękujemy!","ja":"サンキュー"},"congratulations":{"en":"Congratulations!","de":"Herzlichen Glückwunsch!","es":"¡Enhorabuena!","fr":"Félicitations !","it":"Congratulazioni!","pt":"Parabéns!","ru":"Поздравляем!","tr":"Tebrikler!","nl":"Gefeliciteerd!","pl":"Gratulacje!\r","ja":"おめでとう！"},"collected":{"en":"Collected","de":"Eingesammelt","es":"Recogido","fr":"Butin","it":"Raccolti","pt":"Recolhidos","ru":"Собрано","tr":"Toplandı","nl":"Verzameld","pl":"Zebrane","ja":"コレクテッド"},"fever":{"en":"fever","de":"Fieber","es":"fiebre","fr":"folie","it":"febbre","pt":"febre","ru":"бонус","tr":"daha az","ja":"フィーバー"},"saveMeFor":{"en":"Save me for","de":"Rette mich für","es":"Sálvame por","fr":"Sauvez-moi pour","it":"Salvami per","pt":"Guarde-me para","ru":"Спасите меня за","tr":"karşılığında beni kurtar","nl":"Red me voor","pl":"Ocal mnie za","ja":"セーブする"},"continueFor":{"en":"Continue for ${X}?","de":"Fortsetzen für ${X}?","es":"¿Continuar por ${X}?","fr":"Continuer pour ${X} ?","it":"Continua per ${X}?","pt":"Continuar por ${X}?","ru":"Продолжить за ${X}?","tr":"${X} karşılığında devam etmek ister misin?","nl":"Verder gaan voor ${X}?","pl":"Kontynuuj za ${X}?","ja":"${X}でコンティニュー？"},"swipeHeroes":{"en":"swipe to change hero","de":"Wischen, um den Held zu wechseln","es":"desliza para cambiar de héroe","fr":"faites glisser pour changer de héros","it":"scorri per cambiare eroe","pt":"passar com o dedo para mudar de herói","ru":"листай для смены героя","tr":"kahraman değiştirmek için kaydır","nl":"veeg om van held te veranderen","pl":"przesuń, aby zmienić postać","ja":"スワイプでヒーロー変更"},"gamesPlayed":{"en":"games played","de":"Spiele","es":"partidas jugadas","fr":"parties jouées","it":"Partite giocate","pt":"jogos jogados","ru":"Игр сыграно","tr":"oynanan oyun","nl":"spellen gespeeld","pl":"grane gry","ja":"プレイ数"},"newRecord":{"en":"New record!","de":"Neuer Rekord!","es":"¡Nuevo récord!","fr":"Nouveau record !","it":"Nuovo record!","pt":"Novo recorde!","ru":"Новый рекорд!","tr":"Yeni rekor!","nl":"Nieuw record!","pl":"Nowy rekord!","ja":"新記録"},"doubleIt":{"en":"Double it!","de":"Verdoppeln!","es":"¡Dóblalo!","fr":"Double ton butin !","it":"Raddoppia!","pt":"Duplicar!","ru":"Удвоить!","tr":"İkiye katla!","nl":"Verdubbelen!","pl":"Podwajaj!","ja":"倍増"},"newHighscore":{"en":"New high score!","de":"Neuer Highscore!","es":"¡Neva puntuación más alta!","fr":"Nouveau record!","it":"Nuovo record!","pt":"Nova melhor pontuação!","ru":"Новый рекорд!","tr":"Yeni yüksek puan!","ja":"新記録です"},"loginPlease":{"en":"Log in with Facebook\nto save your highscores","de":"Melden Sie sich mit Facebook\nan um Ihre Highscore zu speichern","es":"Inicia sesión en Facebook para\nguardar las mejores puntuaciones","fr":"Connectez-vous avec Facebook pour enregistrer vos meilleurs scores","it":"Accedi a Facebook per\nsalvare i tuoi punteggi","pt":"Inicie sessão com o Facebook para\nguardar as suas melhores pontuações","ru":"Войдите при помощи Facebook,\nчтобы сохранить свои рекорды","tr":"Yüksek puanınızı kaydetmek için\nfacebook ile giriş yapın","nl":"Meld aan met Facebook\nom je topscores te bewaren","pl":"Zaloguj się przez Facebooka,\naby zachować najlepsze wyniki","ja":"ハイスコアの記録でFacebokログイン"},"lastBonus":{"en":"last bonus","de":"Letzter Bonus","es":"última bonificación","fr":"dernier bonus","it":"ultimo bonus","pt":"último bónus","ru":"последний бонус","tr":"son bonus","nl":"laatste bonus","pl":"ostatni bonus","ja":"ラストボーナス"},"noLives":{"en":"You don't have enough lifes","de":"Du hast nicht genug Leben!","es":"No tienes suficientes vidas","fr":"Vous ne disposez pas\nde suffisamment de vies","it":"Non hai abbastanza vite","pt":"Não tens vidas suficientes","ru":"У тебя недостаточно жизней","tr":"Yeterli canın yok","nl":"Je hebt niet genoeg levens","pl":"Nie masz tylu żyć","ja":"ライフがたりない"},"payLives":{"en":"Pay or watch ad for refill","de":"Kaufen oder Werbung ansehen,\num aufzufüllen","es":"Paga o ve el anuncio\npara recargar","fr":"Payez ou regardez\nune pub pour recharger","it":"Paga oppure guarda i messaggi\npubblicitari per fare rifornimento","pt":"Paga ou vê o anúncio\npara recuperares","ru":"Плати или смотри рекламу\nза пополнение","tr":"Tekrar doldurmak için ödeme\nyap ya da reklamı izle","nl":"Betaal of bekijk een advertentie\nom aan te kunnen vullen","pl":"Zapłać lub obejrzyj reklamę,\naby uzupełnić","ja":"広告をみて追加"},"getLife":{"en":"You get {X} life","de":"Du erhältst {X} Leben","es":"Has obtenido {X} vidas","fr":"Vous obtenez {X} vie(s)","it":"Ricevi {X} vita","pt":"Ganhaste {X} vidas","ru":"Ты получаешь {X} жизни(ей)","tr":"{X} can aldın","nl":"Je krijgt {X} levens","pl":"Zyskujesz żyć: {X}","ja":" {X} ライフを追加"},"noMoves":{"en":"Out of possible moves!","de":"Keine Züge mehr","es":"No quedan movimientos","fr":"Plus de coups possibles","it":"Mosse terminate","pt":"Sem jogadas possíveis","ru":"Нет возможных ходов!","tr":"Mümkün olan hamlelerden","nl":"Van mogelijke zetten","pl":"Brak możliwych ruchów","ja":"ムーブが足りない"},"blockSets":{"en":"Sets of blocks","de":"Neue Spielsteine","es":"Sets de bloques","fr":"Nouveaux ensembles de blocs","it":"Serie di blocchi","pt":"Conjuntos de blocos","ru":"Наборы блоков","tr":"Blok dizisi","nl":"Blokkensets","pl":"Zestawy klocków","ja":"ブロックのセット"},"tapCellToContinue":{"en":"Tap a cell to continue","de":"Ein Feld berühren um fortzufahren","es":"Toca cualquier celda para seguir","fr":"Touchez une cellule pour continuer","it":"Tocca una cella per continuare","pt":"Toque numa célula para continuar","ru":"Нажмите на клетку для продолжения","tr":"Devam etmek için bir hücreye dokun","nl":"Tik op een cel om verder te gaan","pl":"Aby kontynuować, stuknij w komórkę.","ja":"セルをタップして続ける"},"thanks4watch":{"en":"Thanks for watching!","de":"Danke fürs Zuschauen!","es":"¡Gracias por verlo!","fr":"Merci de l'avoir regardée !","it":"Grazie per aver guardato!","pt":"Espero que tenha gostado!","ru":"Спасибо за просмотр!","tr":"İzlediğin için teşekkürler!","nl":"Ik hoop dat je genoten hebt!","pl":"Mamy nadzieję, że Ci się podobało!","ja":"見てくれてありがとう！"},"earnCoins":{"en":"Earn {X} coins","de":"Verdiene {X} Münzen","es":"Gana {X} monedas","fr":"Gagne {X} pièces","it":"Guadagna {X} monete","pt":"Ganhe {X} moedas","ru":"Получить {X} монет(ы)","tr":"{X} jeton kazan","nl":"Verdien {X} munten","pl":"Zdobądź {X} monet(y)","ja":"{X}コインをかせぐ"},"earnedCoins":{"en":"You earned {X} coins","de":"Du erhältst {X} Münzen","es":"Has conseguido {X} monedas","fr":"Vous avez obtenu {X} pièces","it":"Hai ottenuto {X} monete","pt":"Recebe {X} moedas","ru":"Вы получили {X} монет(ы)","tr":"{X} jeton alırsın","nl":"Je krijgt {X} munten","pl":"Otrzymujesz {X} monet(y)","ja":"{X}コインをかせいだ"},"addCoins":{"en":"Add more coins!","de":"Hol Dir mehr Münzen!","es":"¡Añade más monedas!","fr":"Ajouter des pièces !","it":"Aggiungi altre monete!","pt":"Adicionar mais moedas!","ru":"Добавить еще монет","tr":"Daha fazla para ekle!","nl":"Voeg meer munten toe!","pl":"Dodaj więcej monet!","ja":"もっとコインを追加"},"noVideo":{"en":"You watched all available\nvideos for today","de":"Du hast alle für heute\nverfügbaren Videos gesehen","es":"Has visto todos los vídeos\ndisponibles por hoy","fr":"Vous avez regardé toutes lies vidéos\ndisponibles pour aujourd'hui","it":"Hai guardato tutti i video\ndisponibili per oggi","pt":"Viu todos os vídeos\ndisponíveis para hoje","ru":"Вы просмотрели все видео,\nдоступные на сегодня","tr":"Bugünlük mevcut olan tüm\nvideoları izlediniz","nl":"Je hebt alle beschikbare\nvideo's voor vandaag gezien","pl":"Obejrzałeś wszystkie\ndostępne dziś filmy","ja":"今日の動画広告をすべて見ました"},"comeBack":{"en":"Come back tomorrow!","de":"Komm morgen wieder!","es":"¡Vuelve mañana!","fr":"Revenez demain !","it":"Torna domani!","pt":"Volte amanhã!","ru":"Возвращайтесь завтра!","tr":"Yarın yine bekleriz!","nl":"Kom morgen terug!","pl":"Wróć jutro!","ja":"また明日！"},"useBooster":{"en":"Use a Booster to continue!","de":"Verwende einen Booster um fortzufahren!","es":"¡Usa un potenciador para continuar!","fr":"Utilisez un booster pour continuer !","it":"Utilizza un booster per continuare!","pt":"Use um Booster para continuar!","ru":"Используй бустер, чтобы продолжить!","tr":"Devam etmek için bir Güçlendirici kullanın!","nl":"Gebruik een Booster om verder te spelen","pl":"Aby kontynuować, użyj wspomagacza!\r","ja":"ブースタを使ってコンティニュー"},"youReceived":{"en":"You received","de":"Du hast [object] erhalten","es":"Has recibido","fr":"Vous avez reçu","it":"Hai ricevuto","pt":"Recebeu","ru":"Ты получил(а)","tr":"Aldınız","nl":"Je krijgt/Je ontvangt van ons","pl":"Otrzymujesz\r","ja":"もらった"},"watch4reward":{"en":"Watch an Ad to claim coins or boosters?","de":"Möchtest du eine Werbung anschauen, um Münzen oder Booster zu erhalten?","es":"¿Quieres ver un anuncio para obtener monedas o potenciadores?","fr":" Regarder une pub pour obtenir des pièces ou des boosters ? ","it":"Vuoi guardare un annuncio per richiedere gettoni e booster?","pt":"Ver um Anúncio para ganhar moedas ou boosters?","ru":"Посмотреть рекламу, чтобы востребовать монеты или бустеры?","tr":"Fiş veya güçlendirici talep etmek için bir reklam izleyin?","nl":"Bekijk een advertentie en krijg gratis coins of boosters!","pl":"Chcesz obejrzeć reklamę, aby odebrać monety lub wspomagacze?\r","ja":"広告を見て、コインかブースターをもらう？"},"good":{"en":"Good!","de":"Gut!","es":"¡Bien!","fr":"Bon !","it":"Ottimo!","pt":"Bom!","ru":"Хорошо!","tr":"İyi!","nl":"Goed!","pl":"Dobrze!","ja":"Good!"},"fine":{"en":"Fine!","de":"Klasse!","es":"¡Correcto!","fr":"Très bien !","it":"Bene!","pt":"Boa!","ru":"Неплохо!","tr":"Güzel!","nl":"Prima!","pl":"Świetnie!","ja":"Fine!"},"cool":{"en":"Cool!","de":"Cool!","es":"¡Estupendo!","fr":"Cool !","it":"Grande!","pt":"Fantástico!","ru":"Круто!","tr":"Harika!","nl":"Cool!","pl":"Czad!","ja":"Cool!"},"great":{"en":"Great!","de":"Großartig!","es":"¡Genial!","fr":"Super !","it":"Fantastico!","pt":"Ótimo!","ru":"Здорово!","tr":"Süper!","nl":"Geweldig!","pl":"Wspaniale!","ja":"Great!"},"excellent":{"en":"Excellent!","de":"Exzellent!","es":"¡Excelente!","fr":"Excellent !","it":"Eccellente!","pt":"Excelente!","ru":"Великолепно!","tr":"Mükemmel!","nl":"Uitstekend!","pl":"Znakomicie!","ja":"Excellent!"},"perfect":{"en":"Perfect!","de":"Perfekt!","es":"¡Perfecto!","fr":"Parfait !","it":"Perfetto!","pt":"Perfeito!","ru":"Отлично!","tr":"Kusursuz!","nl":"Perfect!","pl":"Doskonale!","ja":"Perfect!"},"amazing":{"en":"Amazing!","de":"Erstaunlich!","es":"¡Increíble!","fr":"Incroyable !","it":"Magnifico!","pt":"Incrível!","ru":"Прекрасно!","tr":"İnanılmaz!","nl":"Verbazingwekkend!","pl":"Niesamowicie!","ja":"Amazing!"},"awesome":{"en":"Awesome!","de":"Wahnsinn!","es":"¡Alucinante!","fr":"Formidable !","it":"Meraviglioso!","pt":"Impressionante!","ru":"Удивительно!","tr":"Muhteşem!","nl":"Verbazingwekkend!","pl":"Fantastycznie!","ja":"Awesome!"},"godlike":{"en":"Godlike!","de":"Göttlich!","es":"¡Superior!","fr":"Divin !","it":"Divino!","pt":"Divino!","ru":"Божественно!","tr":"Üstün!","nl":"Als een god!","pl":"Bosko!","ja":"Godlike!"},"extra":{"en":"Extra!","de":"Extra!","es":"¡Extra!","fr":"Extra !","it":"Extra!","pt":"Extra!","ru":"Экстра!","tr":"Ekstra!","nl":"Extra!","pl":"Ekstra!","ja":"Extra!"},"boom":{"en":"Boom!","de":"Boom!","es":"Boom!","fr":"Boom!","it":"Boom!","pt":"Boom!","ru":"Бум!","tr":"Boom!","nl":"Boom!","pl":"Boom!","ja":"Boom!"},"taskCollect":{"en":"Get {AMOUNT}{ICON} !","de":"Erreiche {AMOUNT}{ICON}!","es":"¡Obtén {AMOUNT}{ICON}!","fr":"Obtenez {AMOUNT}{ICON} !","it":"Ricevi {AMOUNT}{ICON}!","pt":"Obter {AMOUNT}{ICON}!","ru":"Соберите {AMOUNT}{ICON}!","tr":"{AMOUNT}{ICON} toplayın!","nl":"Haal {AMOUNT}{ICON}!","pl":"Otrzymaj {AMOUNT}{ICON}!","ja":"{AMOUNT}{ICON} をとろう！"},"taskIce":{"en":"Clear {AMOUNT}{ICON} ice cells !","de":"Befreie {AMOUNT} {ICON} vereiste Zellen!","es":"¡Elimina las células de hielo {AMOUNT} {ICON} !","fr":"Effacez {AMOUNT} cellules de glace {ICON} !","it":"Elimina {AMOUNT} {ICON} celle di ghiaccio!","pt":"Limpar as células de gelo {AMOUNT} {ICON} !","ru":"Соберите {AMOUNT} {ICON} ледяных ячеек!","tr":"{AMOUNT} {ICON} buz hücresini temizleyin!","nl":"Wis {AMOUNT}{ICON} ijscellen!","pl":"Wyczyść {AMOUNT} {ICON} lodowych komórek!","ja":"{AMOUNT}{ICON} のアイスセルを消そう！"},"taskScore":{"en":"Get {AMOUNT}{ICON} score !","de":"Erreiche {AMOUNT}{ICON} Punkte !","es":"¡Obtén {AMOUNT}{ICON} puntos!","fr":"Obtenez un score de {AMOUNT}{ICON} !","it":"Ricevi il punteggio per {AMOUNT}{ICON}!","pt":"Obtém {AMOUNT}{ICON} de pontuação!","ru":"Набери {AMOUNT}{ICON} балла(ов)!","tr":"{AMOUNT}{ICON} skor al !","nl":"Krijg {AMOUNT}{ICON} score !","pl":"Uzyskaj wynik {AMOUNT}{ICON} !","ja":"{AMOUNT}{ICON} スコアをとろう！"},"taskColor":{"en":"Gain {AMOUNT}{ICON} blocks !","de":"Erhalte {AMOUNT}{ICON} Blöcke !","es":"¡Obtén {AMOUNT}{ICON} bloques!","fr":"Gagnez {AMOUNT}{ICON} blocs !","it":"Guadagna {AMOUNT} blocchi di {ICON} !","pt":"Ganha {AMOUNT}{ICON} blocos !","ru":"Получи {AMOUNT}{ICON} блока(ов)!","tr":"{AMOUNT}{ICON} blok kazan !","nl":"Verkrijg {AMOUNT}{ICON} blokken!","pl":"Zdobądź {AMOUNT} {ICON} klocki(-ów) !","ja":"{AMOUNT}{ICON} ブロックをとろう！"},"taskDouble":{"en":"Get {AMOUNT}{ICON} double !","de":"Get {AMOUNT}{ICON} double !","es":"¡Obtén {AMOUNT}{ICON} dobles!","fr":"Obtenez {AMOUNT}{ICON} en double !","it":"Ricevi {AMOUNT}{ICON} doppi!","pt":"Ganha {AMOUNT}{ICON} a dobrar!","ru":"Получи удвоение {AMOUNT}{ICON} !","tr":"{AMOUNT}{ICON} çift al !","nl":"Krijg {AMOUNT}{ICON} dubbel!","pl":"Uzyskaj {AMOUNT}{ICON} dublety !","ja":"{AMOUNT}{ICON} ダブルでとろう！"},"taskCombo":{"en":"Get {AMOUNT}{ICON} x5 combos !","de":"Erhalte {AMOUNT}{ICON} 5x-Kombos!","es":"¡Obtén {AMOUNT}{ICON} 5 combinados!","fr":"Obtenez {AMOUNT}{ICON} x 5 combos !","it":"Ricevi 5 combinazioni di {AMOUNT} {ICON} !","pt":"Ganha {AMOUNT}{ICON} x5 combos !","ru":"Получи {AMOUNT}{ICON} x5 комбо!","tr":"{AMOUNT}{ICON} x5 karışım al !","nl":"Krijg {AMOUNT}{ICON} x5 combo's !","pl":"Uzyskaj {AMOUNT} {ICON} kombinacje x5 !","ja":"{AMOUNT}{ICON} x5コンボだ！"},"taskDirt":{"en":"Clear all dirty {ICON} cells !","de":"Reinige diese {ICON} Zellen!","es":"¡Borra todas las celdas {ICON} sucias!","fr":"Effacez toutes les {ICON} cellules sales !","it":"Pulisci tutte le celle {ICON} sporche !","pt":"Limpa todas as celas {ICON} sujas!","ru":"Очисти все грязные {ICON} ячейки!","tr":"Tüm kirli {ICON} hücreleri temizle !","nl":"Wis alle vieze {ICON} cellen !","pl":"Wyczyść wszystkie brudne komórki {ICON} !","ja":"{AMOUNT}{ICON} の汚れセルを消そう！"},"changeFigures":{"en":"Change\nFigures","de":"Andere Formen\nerhalten","es":"cambiar\nfiguras","fr":"Changer les\néléments","it":"modifica\nle cifre","pt":"mudar\nfiguras","ru":"Сменить\nФигуры","tr":"rakamları\ndeğiştir","nl":"verander\ncijfers","pl":"zmień\nfigury","ja":"次を\n交換"},"clearOne":{"en":"Clear\nOne Field","de":"Ein Feld\nlöschen","es":"Despejar\nun campo","fr":"Effacer\nun bloc","it":"Cancella\ncampo","pt":"Limpar\nUm Campo","ru":"Удалить\nОдну","tr":"Bir Alanı\nTemizle","nl":"Eén veld\nwissen","pl":"Wyczyść\njedno pole","ja":"1フィールドを\nクリア"},"clearSame":{"en":"Clear\nType","de":"Eine Farbe\nlöschen","es":"Despejar\ntipo","fr":"Effacer un\nélémént","it":"Cancella\ndigitazione","pt":"Limpar\nTipo","ru":"Удалить\nПохожие","tr":"Türü\nTemizle","nl":"Type\nwissen","pl":"Wyczyść\nrodzaj","ja":"種類を\nクリア"},"clearArea":{"en":"Clear\nArea","de":"Ein Gebiet\nlöschen","es":"Despejar\nárea","fr":"Effacer\nune zone","it":"Cancella\narea","pt":"Limpar\nÁrea","ru":"Удалить\nОбласть","tr":"Alanı\nTemizle","nl":"Gebied\nwissen","pl":"Wyczyść\nobszar","ja":"エリアを\nクリア"},"tutorialChange":{"en":"Replaces the current piece with a different one","de":"Ersetzt den aktuellen Stein durch einen anderen","es":"Reemplaza la pieza actual con una diferente","fr":"Remplace la pièce actuelle par une autre","it":"Sostituisce l'attuale pezzo con uno diverso","pt":"Substitui a peça atual por outra diferente","ru":"Заменяет текущий\nобъект другим","tr":"Mevcut parçayı farklı bir tane ile değiştirir","nl":"Vervangt het huidige stuk door een ander","pl":"Zamień bieżący element na inny","ja":"現在のピースを変更する"},"tutorialMini":{"en":"Minimizes the current piece to size of a single square","de":"Verringert die Größe des aktuellen Steins auf ein Feld","es":"Minimiza la pieza actual al tamaño de un solo cuadrado","fr":"Réduit la pièce actuelle à la taille d'un simple carré","it":"Minimizza l'attuale pezzo nella misura di un singolo quadrato","pt":"Minimiza a peça atual para o tamanho de um único quadrado","ru":"Уменьшает размер текущего\nобъекта до размера\nодного квадрата","tr":"Mevcut parçayı tek bir karenin boyutuna küçültür","nl":"Verkleint het huidige stuk tot de grootte van een enkel vierkant","pl":"Zmniejsza bieżący element do rozmiaru pojedynczego kwadratu","ja":"現在のピースを最小化"},"tutorialBomb":{"en":"Bombs drop from the top of the screen and destroy everything they touch","de":" Bomben fallen vom oberen Bildschirmrand herab und zerstören alles, womit sie in Berührung kommen","es":"Las bombas caen desde la parte superior de la pantalla y destruyen todo lo que tocan","fr":"Les bombes tombent du haut de l'écran et détruisent tout ce qu'elles touchent","it":"Le bombe cadono dalla parte alta dello schermo e distruggono tutto quello che toccano","pt":"As bombas caem do cimo do ecrã e destroem tudo o que tocam","ru":"Бомбы падают с верха экрана и разрушают все, к чему\nприкасаются","tr":"Bombalar ekranın üstünden düşer ve deydiği herşeyi yok eder","nl":"Bommen vallen van boven het scherm en vernietigen alles wat ze raken","pl":"Z góry ekranu spada bomba, która niszczy wszystko, czego dotknie","ja":"ボムを投下してすべて破壊"},"tutorialBubble":{"en":"All pieces already dropped become wobbly for a brief period of time. Clicking these blocks destroys the pieces","de":"Alle bereits herabgefallenen Steine fangen für eine kurze Zeit an zu wackeln und lassen sich durch anklicken zerstören","es":"Todas las piezas ya caídas serán inestables durante un breve período de tiempo. Al hacer clic en estos bloques se destruirán","fr":"Toutes les pièces déjà tombés deviennent bancales pour un petit moment. Cliquez dessus détruit les blocs","it":"Tutti i pezzi già caduti diventano traballanti per un breve periodo di tempo. Cliccare su questi blocchi li distrugge","pt":"Todas as peças já caídas ficam a tremer por um breve período. Clicar nestes blocos destrói-os","ru":"Все упавшие объекты на\nкороткий период времени\nстановятся шатающимися.\nНажатие на эти блоки\nразрушает их","tr":"Düşürülen tüm parçalar belli bir süreliğine zaten sallantılı hale gelir. Bu bloklara tıklamak onları yok eder","nl":"Alle al gedropte stukken worden gedurende korte tijd wiebelig. Klikken op deze blokken vernietigt ze","pl":"Wszystkie już spuszczone elementy stają się chybotliwe przez krótki czas. Kliknięcie w te bloki niszczy je","ja":"All pieces already dropped become wobbly for a brief period of time. Clicking these blocks destroys the pieces"},"tutorial21":{"en":"Tap changing inner circle to outer","de":"Antippen um von innen nach außen zu wechseln","es":"Pulsa cambiando el círculo interior al exterior","fr":"Tapote pour passer de l'intérieur du cercle à l'extérieur du cercle","it":"Tocca per cambiare il circolo da interno a esterno","pt":"O toque permuta o círculo interno pelo externo","ru":"Клик меняет внутренний и внешний круги","tr":"İç daireyi dışa değiştirmek için dokun","nl":"Tik om van de binnenste cirkel de buitenste te maken","pl":"Stuknij zmieniając okrąg wewnętrzny na zewnętrzny","ja":"タップで内部のサークルを外へ"},"tutorial22":{"en":"Collect","de":"Einsammeln","es":"Recoger","fr":"Collecte","it":"Raccogli","pt":"Recolher","ru":"Собирайте","tr":"Topla","nl":"Verzamelen","pl":"Zbieraj","ja":"コレクト"},"tutorial31":{"en":"Avoid","de":"Vermeiden","es":"Evitar","fr":"Évite","it":"Evita","pt":"Evitar","ru":"Избегайте","tr":"Kaçın","nl":"Vermijden","pl":"Unikaj","ja":"避ける"},"tutorial32":{"en":"Move as far as you can and hurry up!","de":"Versuche so weit wie möglich zu kommen und beeil Dich!","es":"¡Muévete hacia adelante todo lo que puedas y date prisa!","fr":"Avance le plus loin possible et dépêche-toi !","it":"Vai più avanti che puoi e sbrigati!","pt":"Desloque-se para a frente o mais que puder e despache-se!","ru":"Продвигайтесь как можно дальше и торопитесь!","tr":"Olabildiğince ileriye doğru git ve acele et!","nl":"Ga zo ver mogelijk vooruit en doe het snel!","pl":"Przesuwaj się do przodu jak tylko możesz, pospiesz się","ja":"なるべく遠くへ避ける、はやく"},"tutorial2":{"en":"Get as many points\nas possible!","de":"Erreiche so viele\nPunkte, wie möglich!","es":"¡Consigue tantos\npuntos como puedas!","fr":"Obtenez autant de points\nque possible !","it":"Raccogli quanti più\npunti è possibile!","pt":"Ganha tantos pontos\nquantos puderes!","ru":"Набери как можно\nбольше очков!","tr":"Mümkün olduğu\nkadar çok puan al!","nl":"Krijg zoveel\nmogelijk punten!","pl":"Zdobądź tyle punktów,\nile to możliwe!","ja":"なるべくポイントをゲットする"},"tutorial1":{"en":"Tap to change\nthe direction","de":"Tippen, um die\nRichtung zu ändern","es":"Pulse para cambiar\nla dirección","fr":"Tapotez pour changer\nla direction","it":"Tocca per cambiare\ndirezione","pt":"Toca para mudar\nde direção","ru":"Нажми, чтобы\nизменить\nнаправление","tr":"Yönü değiştirmek\niçin dokun","nl":"Tik om de richting\nte veranderen","pl":"Stuknij, aby zmienić\nkierunek","ja":"タップして方角を変更する"},"tutorialPets":{"en":"Connect at least 3 similar\npets to collect points!","de":"Connect at least 3 similar\npets to collect points!","es":"Connect at least 3 similar\npets to collect points!","fr":"Reliez au moins 3 animaux identiques\nentre-eux pour marquer des points","it":"Connect at least 3 similar\npets to collect points!","pt":"Connect at least 3 similar\npets to collect points!","ru":"Соедините как минимум три\nгероя для получения очков!","tr":"Connect at least 3 similar\npets to collect points!","ja":"最低3匹のペットを集める"},"back":{"en":"Go back","de":"Go back","es":"Go back","fr":"Retourner","it":"Go back","pt":"Go back","ru":"Назад","tr":"Go back","nl":"Go back","pl":"Go back","ja":"戻る"},"confirm":{"en":"Confirm","de":"Confirm","es":"Confirm","fr":"Confirmer","it":"Confirm","pt":"Confirm","ru":"Подтверждаю","tr":"Confirm","nl":"Confirm","pl":"Confirm","ja":"確認"},"tryAgain":{"en":"Try again","de":"Try again","es":"Try again","fr":"Essayez à nouveau","it":"Try again","pt":"Try again","ru":"Попробовать снова","tr":"Try again","nl":"Try again","pl":"Try again","ja":"リトライ"},"levelLocked":{"en":"Level locked!\nTo continue, unlock\nfull version for {X}","de":"Level locked!\nTo continue, unlock\nfull version for {X}","es":"Level locked!\nTo continue, unlock\nfull version for {X}","fr":"Débloquer le jeu\ncomplet pour {X}","it":"Level locked!\nTo continue, unlock\nfull version for {X}","pt":"Level locked!\nTo continue, unlock\nfull version for {X}","ru":"Уровень заблокирован!\nДля продолжения, получите\nполную версию за {X}","tr":"Level locked!\nTo continue, unlock\nfull version for {X}","nl":"Level locked!\nTo continue, unlock\nfull version for {X}","pl":"Level locked!\nTo continue, unlock\nfull version for {X}","ja":"レベルがロックされている、コンティニューするにはフルバージョンをアンロックしてください"},"wantCoins":{"en":"Do you want to have\n{X1} coins for {X2}?","de":"Do you want to have\n{X1} coins for {X2}?","es":"Do you want to have\n{X1} coins for {X2}?","fr":"Obtenir {X1} pièces pour {X2}?","it":"Do you want to have\n{X1} coins for {X2}?","pt":"Do you want to have\n{X1} coins for {X2}?","ru":"Вы хотите получить\n{X1} монет за {X2}?","tr":"Do you want to have\n{X1} coins for {X2}?","nl":"Do you want to have\n{X1} coins for {X2}?","pl":"Do you want to have\n{X1} coins for {X2}?","ja":"{X1} コインが{X2}のために必要?"},"enterCode":{"en":"Enter code","de":"Enter code","es":"Enter code","fr":"Saisir code","it":"Enter code","pt":"Enter code","ru":"Введите код","tr":"Enter code","nl":"Enter code","pl":"Enter code","ja":"コード入力"},"playDemo":{"en":"Play DEMO","de":"Play DEMO","es":"Play DEMO","fr":"Jeu DÉMO","it":"Play DEMO","pt":"Play DEMO","ru":"Играть DEMO","tr":"Play DEMO","nl":"Play DEMO","pl":"Play DEMO","ja":"デモをプレイ"},"paymentProgress":{"en":"In processing, please wait for a while","de":"In processing, please wait for a while","es":"In processing, please wait for a while","fr":"Paiement en cours...","it":"In processing, please wait for a while","pt":"In processing, please wait for a while","ru":"В процессе, пожалуйста, подождите","tr":"In processing, please wait for a while","nl":"In processing, please wait for a while","pl":"In processing, please wait for a while","ja":"処理中です、しばらくお待ち下さい"},"paymentSuccess":{"en":"Payment successfull","de":"Payment successfull","es":"Payment successfull","fr":"Achat réussi","it":"Payment successfull","pt":"Payment successfull","ru":"Платеж успешен","tr":"Payment successfull","nl":"Payment successfull","pl":"Payment successfull","ja":"支払い成功"},"paymentFailed":{"en":"Payment failed!","de":"Payment failed!","es":"Payment failed!","fr":"Votre achat n'a pas été validé.\nVous étiez peut-être hors couverture,\nou n'aviez pas suffisamment de crédit","it":"Payment failed!","pt":"Payment failed!","ru":"Платеж не удался!","tr":"Payment failed!","nl":"Payment failed!","pl":"Payment failed!","ja":"支払い失敗"},"paymentCantAfford":{"en":"Payment failed!","de":"Payment failed!","es":"Payment failed!","fr":"Votre achat n'a pu être\neffectué car le crédit de votre\ncompte est insuffisant","it":"Payment failed!","pt":"Payment failed!","ru":"Недостаточно средств","tr":"Payment failed!","nl":"Payment failed!","pl":"Payment failed!","ja":"支払い失敗"},"paymentThanks":{"en":"Thanks! Payment successfull","de":"Thanks! Payment successfull","es":"Thanks! Payment successfull","fr":"Merci. Votre paiement\na été accepté","it":"Thanks! Payment successfull","pt":"Thanks! Payment successfull","ru":"Спасибо! Платеж принят","tr":"Thanks! Payment successfull","nl":"Thanks! Payment successfull","pl":"Thanks! Payment successfull","ja":"ありがとうございます！支払い成功"},"wantUnlock":{"en":"Do you want to unlock\nfull version?","de":"Do you want to unlock\nfull version?","es":"Do you want to unlock\nfull version?","fr":"Débloquer le jeu complet?","it":"Do you want to unlock\nfull version?","pt":"Do you want to unlock\nfull version?","ru":"Вы хотите разблокировать\nполную версию?","tr":"Do you want to unlock\nfull version?","nl":"Do you want to unlock\nfull version?","pl":"Do you want to unlock\nfull version?","ja":"フルバージョンをアンロックしたいですか？"},"loading":"ロード中","defeat":"負かす","shop":"ショップ","moves":"ムーブ","target":"ターゲット"}