{"file":"sheet.png","frames":{
"booster":{"x":282,"y":563,"w":86,"h":90,"offX":0,"offY":0,"sourceW":86,"sourceH":91},
"btn_boost_1":{"x":228,"y":1,"w":225,"h":202,"offX":0,"offY":0,"sourceW":225,"sourceH":202},
"btn_boost_2":{"x":682,"y":1,"w":225,"h":201,"offX":0,"offY":0,"sourceW":225,"sourceH":201},
"btn_boost_3":{"x":455,"y":1,"w":225,"h":201,"offX":0,"offY":0,"sourceW":225,"sourceH":201},
"btn_boost_4":{"x":1,"y":1,"w":225,"h":202,"offX":0,"offY":0,"sourceW":225,"sourceH":202},
"btn_home":{"x":401,"y":544,"w":198,"h":177,"offX":0,"offY":0,"sourceW":198,"sourceH":177},
"btn_moregames":{"x":1,"y":384,"w":198,"h":177,"offX":0,"offY":0,"sourceW":198,"sourceH":177},
"btn_pause":{"x":875,"y":204,"w":138,"h":125,"offX":0,"offY":0,"sourceW":138,"sourceH":125},
"btn_play":{"x":401,"y":365,"w":198,"h":177,"offX":0,"offY":0,"sourceW":198,"sourceH":177},
"btn_play2":{"x":201,"y":205,"w":198,"h":177,"offX":0,"offY":0,"sourceW":198,"sourceH":177},
"btn_restart":{"x":201,"y":384,"w":198,"h":177,"offX":0,"offY":0,"sourceW":198,"sourceH":177},
"btn_sound_off":{"x":1,"y":205,"w":198,"h":177,"offX":0,"offY":0,"sourceW":198,"sourceH":177},
"btn_sound_on":{"x":801,"y":388,"w":198,"h":177,"offX":0,"offY":0,"sourceW":198,"sourceH":177},
"btn_watch":{"x":601,"y":388,"w":198,"h":177,"offX":0,"offY":0,"sourceW":198,"sourceH":177},
"btn":{"x":1,"y":563,"w":279,"h":122,"offX":0,"offY":0,"sourceW":279,"sourceH":122},
"cell":{"x":733,"y":567,"w":130,"h":118,"offX":0,"offY":0,"sourceW":130,"sourceH":118},
"cell2":{"x":601,"y":567,"w":130,"h":118,"offX":0,"offY":0,"sourceW":130,"sourceH":118},
"cell3":{"x":679,"y":204,"w":194,"h":182,"offX":0,"offY":0,"sourceW":194,"sourceH":182},
"cellBack":{"x":865,"y":567,"w":131,"h":117,"offX":0,"offY":0,"sourceW":135,"sourceH":117},
"close":{"x":909,"y":125,"w":73,"h":75,"offX":0,"offY":0,"sourceW":73,"sourceH":75},
"coin_shadow":{"x":875,"y":331,"w":67,"h":52,"offX":0,"offY":0,"sourceW":67,"sourceH":52},
"coin":{"x":282,"y":655,"w":69,"h":69,"offX":0,"offY":0,"sourceW":69,"sourceH":69},
"hand":{"x":865,"y":686,"w":56,"h":61,"offX":1,"offY":0,"sourceW":58,"sourceH":61},
"plop":{"x":455,"y":204,"w":222,"h":159,"offX":0,"offY":0,"sourceW":222,"sourceH":159},
"trophy":{"x":909,"y":1,"w":92,"h":122,"offX":0,"offY":0,"sourceW":92,"sourceH":123}}}